{
    "data": {
        "lookups": [
            "keywords"
        ],
        "name": "abstractQuantity",
        "lang": "en",
        "id": "abstractQuantity",
        "doc": "User-defined entity",
        "builtin": false,
        "values": [
            {
                "value": "low",
                "expressions": [
                    "a little",
                    "few",
                    "several",
                    "very few",
                    "low"
                ]
            },
            {
                "value": "high",
                "expressions": [
                    "a lot",
                    "high",
                    "much",
                    "so much",
                    "tons",
                    "too much",
                    "very much",
                    "expensive"
                ]
            }
        ]
    }
}
