{
    "data": {
        "lookups": [
            "free-text",
            "keywords"
        ],
        "name": "carMake",
        "lang": "en",
        "id": "carMake",
        "doc": "User-defined entity",
        "builtin": false,
        "values": [
            {
                "value": "Ferrari",
                "expressions": [
                    "Ferrari"
                ]
            },
            {
                "value": "Mercedec",
                "expressions": [
                    "merc",
                    "Mercedec",
                    "mercedec"
                ]
            },
            {
                "value": "Proche",
                "expressions": [
                    "Proche"
                ]
            },
            {
                "value": "Audi",
                "expressions": [
                    "Audi"
                ]
            },
            {
                "value": "toyota",
                "expressions": [
                    "toyota"
                ]
            },
            {
                "value": "BMW",
                "expressions": [
                    "BMW"
                ]
            },
            {
                "value": "KIA",
                "expressions": [
                    "KIA"
                ]
            },
            {
                "value": "subaru",
                "expressions": [
                    "subaru"
                ]
            },
            {
                "value": "Nissan",
                "expressions": [
                    "Nissan"
                ]
            }
        ]
    }
}
