{
    "data": {
        "lookups": [
            "trait"
        ],
        "name": "intent",
        "lang": "en",
        "id": "intent",
        "doc": "User-defined entity",
        "builtin": false,
        "values": [
            {
                "value": "WhoAreYouIntent",
                "expressions": []
            },
            {
                "value": "PositiveIntent",
                "expressions": []
            },
            {
                "value": "DelayIntent",
                "expressions": []
            },
            {
                "value": "GoBackIntent",
                "expressions": []
            },
            {
                "value": "FlatterIntent",
                "expressions": []
            },
            {
                "value": "StartIntent",
                "expressions": []
            },
            {
                "value": "NegativeIntent",
                "expressions": []
            },
            {
                "value": "FixIntent",
                "expressions": []
            },
            {
                "value": "ToBeOrNotToBeIntent",
                "expressions": []
            },
            {
                "value": "ExpensiveIntent",
                "expressions": []
            },
            {
                "value": "ThinkIntent",
                "expressions": []
            },
            {
                "value": "CostIntent",
                "expressions": []
            },
            {
                "value": "ChangeBackIntent",
                "expressions": []
            },
            {
                "value": "VeryBadWordIntent",
                "expressions": []
            },
            {
                "value": "VeryBadWordsIntent",
                "expressions": []
            },
            {
                "value": "SignupIntent",
                "expressions": []
            },
            {
                "value": "NeutralIntent",
                "expressions": []
            },
            {
                "value": "HowAreYouIntent",
                "expressions": []
            },
            {
                "value": "LoveAgentIntent",
                "expressions": []
            },
            {
                "value": "MaybeIntent",
                "expressions": []
            },
            {
                "value": "BadWordIntent",
                "expressions": []
            },
            {
                "value": "ThankYouIntent",
                "expressions": []
            },
            {
                "value": "CancelIntent",
                "expressions": []
            },
            {
                "value": "DontWantIntent",
                "expressions": []
            },
            {
                "value": "WantIntent",
                "expressions": []
            },
            {
                "value": "RepeatIntent",
                "expressions": []
            },
            {
                "value": "LangIntent",
                "expressions": []
            }
        ]
    }
}
