{
    "data": {
        "lookups": [
            "keywords"
        ],
        "name": "positiveEntity",
        "lang": "en",
        "id": "positiveEntity",
        "doc": "User-defined entity",
        "builtin": false,
        "values": [
            {
                "value": "yes",
                "expressions": [
                    "definatly",
                    "of course",
                    "sure",
                    "why not",
                    "yes",
                    "Sure",
                    "YES"
                ]
            }
        ]
    }
}
