{
    "data": {
        "lookups": [
            "keywords"
        ],
        "name": "questionEntity",
        "lang": "en",
        "id": "questionEntity",
        "doc": "User-defined entity",
        "builtin": false,
        "values": [
            {
                "value": "What",
                "expressions": [
                    "What",
                    "what"
                ]
            },
            {
                "value": "are they",
                "expressions": [
                    "are they"
                ]
            },
            {
                "value": "Why",
                "expressions": [
                    "Why"
                ]
            },
            {
                "value": "Is it",
                "expressions": [
                    "Is it",
                    "is he",
                    "is she",
                    "is it"
                ]
            },
            {
                "value": "?",
                "expressions": [
                    "?"
                ]
            },
            {
                "value": "where",
                "expressions": [
                    "where"
                ]
            },
            {
                "value": "who",
                "expressions": [
                    "who"
                ]
            },
            {
                "value": "do they",
                "expressions": [
                    "do they"
                ]
            },
            {
                "value": "is there",
                "expressions": [
                    "is there"
                ]
            },
            {
                "value": "how",
                "expressions": [
                    "how",
                    "How"
                ]
            },
            {
                "value": "does it",
                "expressions": [
                    "does he",
                    "does it",
                    "does she"
                ]
            }
        ]
    }
}
