{
    "data": {
        "lookups": [
            "keywords"
        ],
        "name": "timeExpressionsEntity",
        "lang": "en",
        "id": "timeExpressionsEntity",
        "doc": "User-defined entity",
        "builtin": false,
        "values": [
            {
                "value": "early",
                "expressions": [
                    "earlier",
                    "early"
                ]
            },
            {
                "value": "late",
                "expressions": []
            },
            {
                "value": "time",
                "expressions": [
                    "time"
                ]
            },
            {
                "value": "later",
                "expressions": [
                    "late",
                    "later",
                    "postpone"
                ]
            },
            {
                "value": "earlier",
                "expressions": [
                    "earlier",
                    "early",
                    "expedite"
                ]
            }
        ]
    }
}
