{
    "data": {
        "lookups": [
            "keywords"
        ],
        "name": "userReactionType",
        "lang": "en",
        "id": "userReactionType",
        "doc": "User-defined entity",
        "builtin": false,
        "values": [
            {
                "value": "negativeReaction",
                "expressions": [
                    "bad",
                    "not good",
                    "negativeReaction"
                ]
            },
            {
                "value": "positiveReaction",
                "expressions": [
                    "amazing",
                    "cool",
                    "great",
                    "positiveReaction"
                ]
            }
        ]
    }
}
