{
    "data": [
        {
            "text": "not at all",
            "entities": [
                {
                    "entity": "intent",
                    "value": "\"NegativeIntent\""
                },
                {
                    "entity": "negativeEntity",
                    "value": "\"not\"",
                    "start": 0,
                    "end": 3
                }
            ]
        },
        {
            "text": "Sure",
            "entities": [
                {
                    "entity": "positiveEntity",
                    "value": "\"yes\"",
                    "start": 0,
                    "end": 4
                },
                {
                    "entity": "intent",
                    "value": "\"PositiveIntent\""
                }
            ]
        },
        {
            "text": "how much data I use daily? ",
            "entities": []
        },
        {
            "text": "change to hebrew ",
            "entities": [
                {
                    "entity": "intent",
                    "value": "\"LangIntent\""
                }
            ]
        },
        {
            "text": "a lot of time ",
            "entities": [
                {
                    "entity": "duration",
                    "value": "\"a lot of time\"",
                    "start": 0,
                    "end": 13
                }
            ]
        },
        {
            "text": "restart",
            "entities": []
        },
        {
            "text": "Why not",
            "entities": [
                {
                    "entity": "negativeEntity",
                    "value": "\"not\"",
                    "start": 4,
                    "end": 7
                }
            ]
        },
        {
            "text": "what is the price ",
            "entities": [
                {
                    "entity": "intent",
                    "value": "\"CostIntent\""
                }
            ]
        },
        {
            "text": "how much data I used? ",
            "entities": []
        },
        {
            "text": "3 days",
            "entities": [
                {
                    "entity": "duration",
                    "value": "3",
                    "start": 0,
                    "end": 6
                }
            ]
        },
        {
            "text": "what did you say?",
            "entities": [
                {
                    "entity": "intent",
                    "value": "\"RepeatIntent\""
                }
            ]
        },
        {
            "text": "months ",
            "entities": [
                {
                    "entity": "timeUnits",
                    "value": "\"months\"",
                    "start": 0,
                    "end": 6
                }
            ]
        },
        {
            "text": "I disagree ",
            "entities": [
                {
                    "entity": "intent",
                    "value": "\"DontWantIntent\""
                }
            ]
        },
        {
            "text": "its expensive ",
            "entities": [
                {
                    "entity": "intent",
                    "value": "\"CostIntent\""
                }
            ]
        },
        {
            "text": "this is awsome ",
            "entities": []
        },
        {
            "text": "how much data I have left? ",
            "entities": []
        },
        {
            "text": "how are you? ",
            "entities": [
                {
                    "entity": "intent",
                    "value": "\"HowAreYouIntent\""
                }
            ]
        },
        {
            "text": "How much?",
            "entities": []
        },
        {
            "text": "3 MONTHS",
            "entities": [
                {
                    "entity": "duration",
                    "value": "3",
                    "start": 0,
                    "end": 8
                }
            ]
        },
        {
            "text": "what is the price?",
            "entities": [
                {
                    "entity": "intent",
                    "value": "\"CostIntent\""
                }
            ]
        },
        {
            "text": "\u05e9\u05e0\u05d4 \u05e9\u05e4\u05d4",
            "entities": [
                {
                    "entity": "intent",
                    "value": "\"LangIntent\""
                }
            ]
        },
        {
            "text": "in second thought ",
            "entities": [
                {
                    "entity": "timeUnits",
                    "value": "\"seconds\"",
                    "start": 3,
                    "end": 9
                },
                {
                    "entity": "intent",
                    "value": "\"ChangeBackIntent\""
                }
            ]
        },
        {
            "text": "start ",
            "entities": [
                {
                    "entity": "intent",
                    "value": "\"StartIntent\""
                }
            ]
        },
        {
            "text": "I want to proceed ",
            "entities": [
                {
                    "entity": "intent",
                    "value": "\"WantIntent\""
                }
            ]
        },
        {
            "text": "1 month and 1 second",
            "entities": [
                {
                    "entity": "duration",
                    "value": "\"1 month and 1 second\"",
                    "start": 0,
                    "end": 20
                }
            ]
        },
        {
            "text": "I would love to ",
            "entities": [
                {
                    "entity": "intent",
                    "value": "\"WantIntent\""
                }
            ]
        },
        {
            "text": "\u05e9\u05e0\u05d4 \u05dc\u05e2\u05d1\u05e8\u05d9\u05ea",
            "entities": [
                {
                    "entity": "intent",
                    "value": "\"LangIntent\""
                }
            ]
        },
        {
            "text": "I want to change ",
            "entities": [
                {
                    "entity": "intent",
                    "value": "\"ChangeBackIntent\""
                }
            ]
        },
        {
            "text": "how much is it?",
            "entities": []
        },
        {
            "text": "much obliged ",
            "entities": [
                {
                    "entity": "intent",
                    "value": "\"ThankYouIntent\""
                }
            ]
        },
        {
            "text": "hebrew",
            "entities": [
                {
                    "entity": "intent",
                    "value": "\"LangIntent\""
                }
            ]
        },
        {
            "text": "1 month",
            "entities": [
                {
                    "entity": "duration",
                    "value": "1",
                    "start": 0,
                    "end": 7
                }
            ]
        },
        {
            "text": "perhaps",
            "entities": [
                {
                    "entity": "intent",
                    "value": "\"MaybeIntent\""
                }
            ]
        },
        {
            "text": "restart ",
            "entities": [
                {
                    "entity": "intent",
                    "value": "\"StartIntent\""
                }
            ]
        },
        {
            "text": "previous ",
            "entities": [
                {
                    "entity": "intent",
                    "value": "\"GoBackIntent\""
                }
            ]
        },
        {
            "text": "3 months",
            "entities": [
                {
                    "entity": "duration",
                    "value": "3",
                    "start": 0,
                    "end": 8
                }
            ]
        },
        {
            "text": "Stop",
            "entities": [
                {
                    "entity": "intent",
                    "value": "\"CancelIntent\""
                }
            ]
        },
        {
            "text": "I can't ",
            "entities": [
                {
                    "entity": "intent",
                    "value": "\"DontWantIntent\""
                }
            ]
        },
        {
            "text": "how much data I have left?",
            "entities": []
        },
        {
            "text": "its about several days",
            "entities": [
                {
                    "entity": "timeUnits",
                    "value": "\"days\"",
                    "start": 18,
                    "end": 22
                }
            ]
        },
        {
            "text": "10 days",
            "entities": [
                {
                    "entity": "duration",
                    "value": "10",
                    "start": 0,
                    "end": 7
                }
            ]
        },
        {
            "text": "6 months",
            "entities": [
                {
                    "entity": "duration",
                    "value": "6",
                    "start": 0,
                    "end": 8
                }
            ]
        },
        {
            "text": "appreciate it ",
            "entities": [
                {
                    "entity": "intent",
                    "value": "\"ThankYouIntent\""
                }
            ]
        },
        {
            "text": "2 months",
            "entities": [
                {
                    "entity": "duration",
                    "value": "2",
                    "start": 0,
                    "end": 8
                }
            ]
        },
        {
            "text": "Greetings",
            "entities": [
                {
                    "entity": "greetings",
                    "value": "\"true\""
                }
            ]
        },
        {
            "text": "please wire $10000 to account number 88-874784 ",
            "entities": [
                {
                    "entity": "intent",
                    "value": "\"TransferIntent\""
                },
                {
                    "entity": "accountNumberEntity",
                    "value": "\"88-874784\"",
                    "start": 37,
                    "end": 47
                }
            ]
        },
        {
            "text": "30 days",
            "entities": [
                {
                    "entity": "duration",
                    "value": "30",
                    "start": 0,
                    "end": 7
                }
            ]
        },
        {
            "text": "PositiveIntent",
            "entities": [
                {
                    "entity": "intent",
                    "value": "\"PositiveIntent\""
                }
            ]
        },
        {
            "text": "Yes",
            "entities": [
                {
                    "entity": "intent",
                    "value": "\"PositiveIntent\""
                }
            ]
        },
        {
            "text": "yea",
            "entities": [
                {
                    "entity": "intent",
                    "value": "\"PositiveIntent\""
                }
            ]
        },
        {
            "text": "Ho",
            "entities": [
                {
                    "entity": "greetings",
                    "value": "\"true\""
                }
            ]
        },
        {
            "text": "Hello",
            "entities": [
                {
                    "entity": "greetings",
                    "value": "\"true\""
                }
            ]
        },
        {
            "text": "7",
            "entities": [
                {
                    "entity": "number",
                    "value": "7",
                    "start": 0,
                    "end": 1
                }
            ]
        },
        {
            "text": "3 months and 2 hours",
            "entities": [
                {
                    "entity": "duration",
                    "value": "2162",
                    "start": 0,
                    "end": 20
                }
            ]
        },
        {
            "text": "6",
            "entities": [
                {
                    "entity": "number",
                    "value": "6",
                    "start": 0,
                    "end": 1
                }
            ]
        },
        {
            "text": "3 days and 2 hours ",
            "entities": [
                {
                    "entity": "duration",
                    "value": "74",
                    "start": 0,
                    "end": 18
                }
            ]
        },
        {
            "text": "77 days?",
            "entities": [
                {
                    "entity": "duration",
                    "value": "77",
                    "start": 0,
                    "end": 7
                }
            ]
        },
        {
            "text": "no",
            "entities": [
                {
                    "entity": "intent",
                    "value": "\"NegativeIntent\""
                },
                {
                    "entity": "negativeEntity",
                    "value": "\"no\"",
                    "start": 0,
                    "end": 2
                }
            ]
        },
        {
            "text": "thank you ",
            "entities": [
                {
                    "entity": "intent",
                    "value": "\"ThankYouIntent\""
                }
            ]
        },
        {
            "text": "thanks",
            "entities": [
                {
                    "entity": "intent",
                    "value": "\"ThankYouIntent\""
                }
            ]
        },
        {
            "text": "Weeks",
            "entities": [
                {
                    "entity": "timeUnits",
                    "value": "\"weeks\"",
                    "start": 0,
                    "end": 5
                }
            ]
        },
        {
            "text": "actually, months",
            "entities": [
                {
                    "entity": "timeUnits",
                    "value": "\"months\"",
                    "start": 10,
                    "end": 16
                }
            ]
        },
        {
            "text": "sure, why not",
            "entities": [
                {
                    "entity": "positiveEntity",
                    "value": "\"yes\"",
                    "start": 0,
                    "end": 4
                },
                {
                    "entity": "intent",
                    "value": "\"PositiveIntent\""
                },
                {
                    "entity": "positiveEntity",
                    "value": "\"yes\"",
                    "start": 6,
                    "end": 13,
                    "subentities": [
                        {
                            "entity": "negativeEntity",
                            "value": "\"no\"",
                            "start": 4,
                            "end": 7
                        }
                    ]
                }
            ]
        },
        {
            "text": "go fuck you ",
            "entities": [
                {
                    "entity": "intent",
                    "value": "\"VeryBadWordsIntent\""
                }
            ]
        },
        {
            "text": "change language to hebrew ",
            "entities": [
                {
                    "entity": "intent",
                    "value": "\"LangIntent\""
                }
            ]
        },
        {
            "text": "\u05e2\u05d1\u05d5\u05e8 \u05dc\u05d0\u05e0\u05d2\u05dc\u05d9\u05ea ",
            "entities": [
                {
                    "entity": "intent",
                    "value": "\"LangIntent\""
                }
            ]
        },
        {
            "text": "1 months",
            "entities": [
                {
                    "entity": "duration",
                    "value": "1",
                    "start": 0,
                    "end": 8
                }
            ]
        },
        {
            "text": "this is so great ",
            "entities": []
        },
        {
            "text": "oh nice ",
            "entities": []
        },
        {
            "text": "I don't have the time now",
            "entities": [
                {
                    "entity": "negativeEntity",
                    "value": "\"don't\"",
                    "start": 2,
                    "end": 7
                }
            ]
        },
        {
            "text": "\u05e2\u05d1\u05d5\u05e8 \u05dc\u05e2\u05d1\u05e8\u05d9\u05ea ",
            "entities": [
                {
                    "entity": "intent",
                    "value": "\"LangIntent\""
                }
            ]
        },
        {
            "text": "\u05e2\u05d1\u05d5\u05e8 \u05e9\u05e4\u05d4 ",
            "entities": [
                {
                    "entity": "intent",
                    "value": "\"LangIntent\""
                }
            ]
        },
        {
            "text": "change language to english ",
            "entities": [
                {
                    "entity": "intent",
                    "value": "\"LangIntent\""
                }
            ]
        },
        {
            "text": "\u05e9\u05e0\u05d4 \u05dc\u05e2\u05d1\u05e8\u05d9\u05ea ",
            "entities": [
                {
                    "entity": "intent",
                    "value": "\"LangIntent\""
                }
            ]
        },
        {
            "text": "4 months",
            "entities": [
                {
                    "entity": "duration",
                    "value": "4",
                    "start": 0,
                    "end": 8
                }
            ]
        },
        {
            "text": "days",
            "entities": [
                {
                    "entity": "timeUnits",
                    "value": "\"days\"",
                    "start": 0,
                    "end": 4
                }
            ]
        },
        {
            "text": "it is cool ",
            "entities": []
        },
        {
            "text": "\u05e9\u05e0\u05d4 \u05dc\u05d0\u05e0\u05d2\u05dc\u05d9\u05ea ",
            "entities": [
                {
                    "entity": "intent",
                    "value": "\"LangIntent\""
                }
            ]
        },
        {
            "text": "naa ",
            "entities": [
                {
                    "entity": "intent",
                    "value": "\"NegativeIntent\""
                }
            ]
        },
        {
            "text": "yeah ",
            "entities": [
                {
                    "entity": "intent",
                    "value": "\"PositiveIntent\""
                }
            ]
        },
        {
            "text": "positive ",
            "entities": [
                {
                    "entity": "intent",
                    "value": "\"PositiveIntent\""
                }
            ]
        },
        {
            "text": "can you tell me the cost?",
            "entities": [
                {
                    "entity": "intent",
                    "value": "\"CostIntent\""
                }
            ]
        },
        {
            "text": "I wouldn't like that ",
            "entities": [
                {
                    "entity": "intent",
                    "value": "\"DontWantIntent\""
                }
            ]
        },
        {
            "text": "Days",
            "entities": [
                {
                    "entity": "timeUnits",
                    "value": "\"days\"",
                    "start": 0,
                    "end": 4
                }
            ]
        },
        {
            "text": "stop please ",
            "entities": [
                {
                    "entity": "intent",
                    "value": "\"CancelIntent\""
                }
            ]
        },
        {
            "text": "I'm afraid its expensive ",
            "entities": [
                {
                    "entity": "intent",
                    "value": "\"ExpensiveIntent\""
                }
            ]
        },
        {
            "text": "to be or not to be?",
            "entities": [
                {
                    "entity": "intent",
                    "value": "\"ToBeOrNotToBeIntent\""
                }
            ]
        },
        {
            "text": "what is the price? ",
            "entities": [
                {
                    "entity": "intent",
                    "value": "\"CostIntent\""
                }
            ]
        },
        {
            "text": "cancel;",
            "entities": [
                {
                    "entity": "intent",
                    "value": "\"CancelIntent\""
                }
            ]
        },
        {
            "text": "lets signup",
            "entities": [
                {
                    "entity": "intent",
                    "value": "\"SignupIntent\""
                }
            ]
        },
        {
            "text": "I will kill you ",
            "entities": [
                {
                    "entity": "intent",
                    "value": "\"VeryBadWordIntent\""
                }
            ]
        },
        {
            "text": "thak you ",
            "entities": [
                {
                    "entity": "intent",
                    "value": "\"ThankYouIntent\""
                }
            ]
        },
        {
            "text": "I'd like to ",
            "entities": [
                {
                    "entity": "intent",
                    "value": "\"WantIntent\""
                }
            ]
        },
        {
            "text": "how much?",
            "entities": []
        },
        {
            "text": "negative ",
            "entities": [
                {
                    "entity": "intent",
                    "value": "\"NegativeIntent\""
                }
            ]
        },
        {
            "text": "one thousand and three",
            "entities": [
                {
                    "entity": "number",
                    "value": "1003",
                    "start": 0,
                    "end": 22
                }
            ]
        },
        {
            "text": "i'd like to fly fron Rio ",
            "entities": [
                {
                    "entity": "location",
                    "value": "\"Rio\"",
                    "start": 21,
                    "end": 24
                }
            ]
        },
        {
            "text": "3",
            "entities": [
                {
                    "entity": "number",
                    "value": "3",
                    "start": 0,
                    "end": 1
                }
            ]
        },
        {
            "text": "i love you",
            "entities": [
                {
                    "entity": "intent",
                    "value": "\"LoveAgentIntent\""
                }
            ]
        },
        {
            "text": "hello",
            "entities": [
                {
                    "entity": "greetings",
                    "value": "\"true\""
                }
            ]
        },
        {
            "text": "greetings ",
            "entities": []
        },
        {
            "text": "what is my avarage data usage?",
            "entities": []
        },
        {
            "text": "i dont know",
            "entities": [
                {
                    "entity": "intent",
                    "value": "\"NegativeIntent\""
                }
            ]
        },
        {
            "text": "hi ",
            "entities": []
        },
        {
            "text": "I have a 1999 subaru",
            "entities": [
                {
                    "entity": "number",
                    "value": "1999",
                    "start": 9,
                    "end": 13
                }
            ]
        },
        {
            "text": "thanks ",
            "entities": [
                {
                    "entity": "intent",
                    "value": "\"ThankYouIntent\""
                }
            ]
        },
        {
            "text": "3 mnths",
            "entities": [
                {
                    "entity": "number",
                    "value": "3",
                    "start": 0,
                    "end": 1
                }
            ]
        },
        {
            "text": "can you expedite it?",
            "entities": []
        },
        {
            "text": "I can proceed ",
            "entities": [
                {
                    "entity": "intent",
                    "value": "\"WantIntent\""
                }
            ]
        },
        {
            "text": "how much it cost",
            "entities": [
                {
                    "entity": "intent",
                    "value": "\"CostIntent\""
                }
            ]
        },
        {
            "text": "ok",
            "entities": [
                {
                    "entity": "intent",
                    "value": "\"PositiveIntent\""
                }
            ]
        },
        {
            "text": "30",
            "entities": [
                {
                    "entity": "number",
                    "value": "30",
                    "start": 0,
                    "end": 2
                }
            ]
        },
        {
            "text": "I dont know",
            "entities": [
                {
                    "entity": "intent",
                    "value": "\"NegativeIntent\""
                }
            ]
        },
        {
            "text": "66",
            "entities": [
                {
                    "entity": "number",
                    "value": "66",
                    "start": 0,
                    "end": 2
                }
            ]
        },
        {
            "text": "hello to you",
            "entities": []
        },
        {
            "text": "Who are you?",
            "entities": []
        },
        {
            "text": "what's the price?",
            "entities": [
                {
                    "entity": "intent",
                    "value": "\"CostIntent\""
                }
            ]
        },
        {
            "text": "Months",
            "entities": [
                {
                    "entity": "timeUnits",
                    "value": "\"months\"",
                    "start": 0,
                    "end": 6
                }
            ]
        },
        {
            "text": "how are you?",
            "entities": [
                {
                    "entity": "greetings",
                    "value": "\"true\""
                }
            ]
        },
        {
            "text": "don't ",
            "entities": [
                {
                    "entity": "negativeEntity",
                    "value": "\"don't\"",
                    "start": 0,
                    "end": 5
                }
            ]
        },
        {
            "text": "yes",
            "entities": [
                {
                    "entity": "intent",
                    "value": "\"PositiveIntent\""
                },
                {
                    "entity": "positiveEntity",
                    "value": "\"yes\"",
                    "start": 0,
                    "end": 3
                }
            ]
        },
        {
            "text": "I have no idea ",
            "entities": [
                {
                    "entity": "negativeEntity",
                    "value": "\"no\"",
                    "start": 7,
                    "end": 9
                },
                {
                    "entity": "intent",
                    "value": "\"NegativeIntent\""
                }
            ]
        },
        {
            "text": "can you repeat that?",
            "entities": [
                {
                    "entity": "intent",
                    "value": "\"RepeatIntent\""
                }
            ]
        },
        {
            "text": "No",
            "entities": [
                {
                    "entity": "intent",
                    "value": "\"NegativeIntent\""
                }
            ]
        },
        {
            "text": "sure  ",
            "entities": [
                {
                    "entity": "intent",
                    "value": "\"PositiveIntent\""
                }
            ]
        },
        {
            "text": "What's the cost?",
            "entities": [
                {
                    "entity": "intent",
                    "value": "\"CostIntent\""
                }
            ]
        },
        {
            "text": "4 weeks",
            "entities": [
                {
                    "entity": "duration",
                    "value": "4",
                    "start": 0,
                    "end": 7
                }
            ]
        },
        {
            "text": "what are you?",
            "entities": [
                {
                    "entity": "intent",
                    "value": "\"WhoAreYouIntent\""
                }
            ]
        },
        {
            "text": "\u05db\u05df YES",
            "entities": [
                {
                    "entity": "positiveEntity",
                    "value": "\"yes\"",
                    "start": 3,
                    "end": 6
                },
                {
                    "entity": "intent",
                    "value": "\"PositiveIntent\""
                }
            ]
        },
        {
            "text": "a little ",
            "entities": []
        },
        {
            "text": "no I don't",
            "entities": [
                {
                    "entity": "negativeEntity",
                    "value": "\"no\"",
                    "start": 0,
                    "end": 2
                },
                {
                    "entity": "intent",
                    "value": "\"NegativeIntent\""
                },
                {
                    "entity": "negativeEntity",
                    "value": "\"don't\"",
                    "start": 5,
                    "end": 10
                }
            ]
        },
        {
            "text": "3 weeks",
            "entities": [
                {
                    "entity": "duration",
                    "value": "3",
                    "start": 0,
                    "end": 7
                }
            ]
        },
        {
            "text": "a lot",
            "entities": []
        },
        {
            "text": "How much",
            "entities": []
        },
        {
            "text": "I have a toyota ",
            "entities": []
        },
        {
            "text": "no time",
            "entities": [
                {
                    "entity": "negativeEntity",
                    "value": "\"no\"",
                    "start": 0,
                    "end": 2
                },
                {
                    "entity": "intent",
                    "value": "\"NegativeIntent\""
                }
            ]
        },
        {
            "text": "Hi",
            "entities": [
                {
                    "entity": "greetings",
                    "value": "\"true\""
                }
            ]
        },
        {
            "text": "Change language",
            "entities": [
                {
                    "entity": "intent",
                    "value": "\"LangIntent\""
                }
            ]
        },
        {
            "text": "how much it costs",
            "entities": [
                {
                    "entity": "intent",
                    "value": "\"CostIntent\""
                }
            ]
        },
        {
            "text": "I love you",
            "entities": [
                {
                    "entity": "intent",
                    "value": "\"LoveAgentIntent\""
                }
            ]
        },
        {
            "text": "I love you more ",
            "entities": [
                {
                    "entity": "intent",
                    "value": "\"LoveAgentIntent\""
                }
            ]
        },
        {
            "text": "not expensive ",
            "entities": [
                {
                    "entity": "negativeEntity",
                    "value": "\"not\"",
                    "start": 0,
                    "end": 3
                },
                {
                    "entity": "intent",
                    "value": "\"ExpensiveIntent\""
                }
            ]
        },
        {
            "text": "sure ",
            "entities": [
                {
                    "entity": "intent",
                    "value": "\"PositiveIntent\""
                }
            ]
        },
        {
            "text": "I have a subaru ",
            "entities": []
        },
        {
            "text": "\u05db\u05df",
            "entities": [
                {
                    "entity": "intent",
                    "value": "\"PositiveIntent\""
                }
            ]
        },
        {
            "text": "earlier ",
            "entities": []
        },
        {
            "text": "how much it cost?",
            "entities": [
                {
                    "entity": "intent",
                    "value": "\"CostIntent\""
                }
            ]
        },
        {
            "text": "What is the price",
            "entities": [
                {
                    "entity": "intent",
                    "value": "\"CostIntent\""
                }
            ]
        },
        {
            "text": "early ",
            "entities": []
        },
        {
            "text": "2 days ",
            "entities": [
                {
                    "entity": "duration",
                    "value": "2",
                    "start": 0,
                    "end": 6
                }
            ]
        },
        {
            "text": "it cost too much ",
            "entities": [
                {
                    "entity": "intent",
                    "value": "\"CostIntent\""
                },
                {
                    "entity": "intent",
                    "value": "\"ExpensiveIntent\""
                }
            ]
        },
        {
            "text": "Is it expensive?",
            "entities": [
                {
                    "entity": "intent",
                    "value": "\"ExpensiveIntent\""
                }
            ]
        },
        {
            "text": "shit",
            "entities": []
        },
        {
            "text": "its about many days",
            "entities": [
                {
                    "entity": "timeUnits",
                    "value": "\"days\"",
                    "start": 15,
                    "end": 19
                }
            ]
        },
        {
            "text": "just because ",
            "entities": [
                {
                    "entity": "intent",
                    "value": "\"NeutralIntent\""
                }
            ]
        },
        {
            "text": "where is the donkey i used to be ",
            "entities": []
        },
        {
            "text": "high cost ",
            "entities": [
                {
                    "entity": "intent",
                    "value": "\"ExpensiveIntent\""
                }
            ]
        },
        {
            "text": "i'D like to order a flight fron NYC tp TLV",
            "entities": [
                {
                    "entity": "location",
                    "value": "\"NYC\"",
                    "start": 32,
                    "end": 35
                }
            ]
        },
        {
            "text": "fuck you",
            "entities": [
                {
                    "entity": "intent",
                    "value": "\"VeryBadWordIntent\""
                }
            ]
        },
        {
            "text": "what is my family data usage status? ",
            "entities": []
        },
        {
            "text": "please transfer $65777 to account #464640 ",
            "entities": [
                {
                    "entity": "intent",
                    "value": "\"TransferIntent\""
                },
                {
                    "entity": "number",
                    "value": "65777",
                    "start": 17,
                    "end": 22
                },
                {
                    "entity": "accountNumberEntity",
                    "value": "\"#464640\"",
                    "start": 34,
                    "end": 41
                }
            ]
        },
        {
            "text": "please send $44343  to account #333343",
            "entities": [
                {
                    "entity": "accountNumberEntity",
                    "value": "\"#333343\"",
                    "start": 31,
                    "end": 38
                },
                {
                    "entity": "intent",
                    "value": "\"TransferIntent\""
                }
            ]
        },
        {
            "text": "i need to wire $35353 to account #8858555858 ",
            "entities": [
                {
                    "entity": "intent",
                    "value": "\"TransferIntent\""
                },
                {
                    "entity": "accountNumberEntity",
                    "value": "\"#8858555858\"",
                    "start": 33,
                    "end": 44
                }
            ]
        },
        {
            "text": "please send $44343  to account #333343 ",
            "entities": [
                {
                    "entity": "intent",
                    "value": "\"TransferIntent\""
                },
                {
                    "entity": "accountNumberEntity",
                    "value": "\"#333343\"",
                    "start": 31,
                    "end": 38
                }
            ]
        },
        {
            "text": "plese transfer $3000 to account #778484  ",
            "entities": [
                {
                    "entity": "intent",
                    "value": "\"TransferIntent\""
                },
                {
                    "entity": "number",
                    "value": "3000",
                    "start": 16,
                    "end": 20
                },
                {
                    "entity": "accountNumberEntity",
                    "value": "\"#778484\"",
                    "start": 32,
                    "end": 39
                }
            ]
        },
        {
            "text": "please send $3393 to account #22-89888",
            "entities": [
                {
                    "entity": "intent",
                    "value": "\"TransferIntent\""
                },
                {
                    "entity": "accountNumberEntity",
                    "value": "\"#22-89888\"",
                    "start": 29,
                    "end": 38
                },
                {
                    "entity": "number",
                    "value": "\"3393\"",
                    "start": 13,
                    "end": 17
                }
            ]
        },
        {
            "text": "please send $1000  to account #333343",
            "entities": [
                {
                    "entity": "intent",
                    "value": "\"TransferIntent\""
                },
                {
                    "entity": "accountNumberEntity",
                    "value": "\"#333343\"",
                    "start": 30,
                    "end": 37
                },
                {
                    "entity": "number",
                    "value": "\"1000\"",
                    "start": 13,
                    "end": 19
                }
            ]
        },
        {
            "text": "i'd like to send $4333",
            "entities": [
                {
                    "entity": "intent",
                    "value": "\"TransferIntent\""
                },
                {
                    "entity": "number",
                    "value": "\"4333\"",
                    "start": 18,
                    "end": 22
                }
            ]
        },
        {
            "text": "please send $4333 to account #333343",
            "entities": [
                {
                    "entity": "intent",
                    "value": "\"TransferIntent\""
                },
                {
                    "entity": "accountNumberEntity",
                    "value": "\"#333343\"",
                    "start": 29,
                    "end": 36
                },
                {
                    "entity": "number",
                    "value": "\"4333\"",
                    "start": 13,
                    "end": 18
                }
            ]
        },
        {
            "text": "i'd like to send $2333",
            "entities": [
                {
                    "entity": "intent",
                    "value": "\"TransferIntent\""
                },
                {
                    "entity": "number",
                    "value": "\"2333\"",
                    "start": 18,
                    "end": 22
                }
            ]
        },
        {
            "text": "you are so good",
            "entities": [
                {
                    "entity": "intent",
                    "value": "\"FlatterIntent\""
                }
            ]
        },
        {
            "text": "how much it's coing to cost me? ",
            "entities": [
                {
                    "entity": "intent",
                    "value": "\"CostIntent\""
                }
            ]
        },
        {
            "text": "i need to send $ 4000 ",
            "entities": [
                {
                    "entity": "intent",
                    "value": "\"TransferIntent\""
                },
                {
                    "entity": "number",
                    "value": "\"4000\"",
                    "start": 17,
                    "end": 22
                }
            ]
        },
        {
            "text": "maybe ",
            "entities": [
                {
                    "entity": "intent",
                    "value": "\"MaybeIntent\""
                }
            ]
        },
        {
            "text": "Please wire $4000 to account #001-2223433 ",
            "entities": [
                {
                    "entity": "intent",
                    "value": "\"TransferIntent\""
                },
                {
                    "entity": "accountNumberEntity",
                    "value": "\"#001-2223433\"",
                    "start": 28,
                    "end": 42
                },
                {
                    "entity": "number",
                    "value": "\"4000\"",
                    "start": 13,
                    "end": 17
                }
            ]
        },
        {
            "text": "please transfer funds ",
            "entities": [
                {
                    "entity": "intent",
                    "value": "\"TransferIntent\""
                }
            ]
        },
        {
            "text": "not",
            "entities": [
                {
                    "entity": "negativeEntity",
                    "value": "\"not\"",
                    "start": 0,
                    "end": 3
                },
                {
                    "entity": "intent",
                    "value": "\"NegativeIntent\""
                }
            ]
        },
        {
            "text": "I need to send money out of my account ",
            "entities": [
                {
                    "entity": "intent",
                    "value": "\"TransferIntent\""
                }
            ]
        },
        {
            "text": "please wire 1500 to account number 002-4443322 ",
            "entities": [
                {
                    "entity": "intent",
                    "value": "\"TransferIntent\""
                },
                {
                    "entity": "number",
                    "value": "\"1500\"",
                    "start": 12,
                    "end": 17
                },
                {
                    "entity": "accountNumberEntity",
                    "value": "\"002-4443322\"",
                    "start": 35,
                    "end": 47
                }
            ]
        },
        {
            "text": "how much it costs me?",
            "entities": [
                {
                    "entity": "intent",
                    "value": "\"CostIntent\""
                }
            ]
        },
        {
            "text": "cancel ",
            "entities": [
                {
                    "entity": "intent",
                    "value": "\"CancelIntent\""
                }
            ]
        },
        {
            "text": "what is it?",
            "entities": []
        },
        {
            "text": "hi",
            "entities": [
                {
                    "entity": "greetings",
                    "value": "\"true\""
                }
            ]
        },
        {
            "text": "I'd like to send some money",
            "entities": [
                {
                    "entity": "intent",
                    "value": "\"TransferIntent\""
                }
            ]
        },
        {
            "text": "please transfer money ",
            "entities": [
                {
                    "entity": "intent",
                    "value": "\"TransferIntent\""
                }
            ]
        },
        {
            "text": "money need to be sent ",
            "entities": [
                {
                    "entity": "intent",
                    "value": "\"TransferIntent\""
                }
            ]
        },
        {
            "text": "How much does it cost?",
            "entities": [
                {
                    "entity": "intent",
                    "value": "\"CostIntent\""
                }
            ]
        },
        {
            "text": "i need to send money to account #999884 ",
            "entities": [
                {
                    "entity": "intent",
                    "value": "\"TransferIntent\""
                },
                {
                    "entity": "accountNumberEntity",
                    "value": "\"#999884\"",
                    "start": 31,
                    "end": 40
                }
            ]
        },
        {
            "text": "correct ",
            "entities": [
                {
                    "entity": "intent",
                    "value": "\"PositiveIntent\""
                }
            ]
        },
        {
            "text": "yes ",
            "entities": [
                {
                    "entity": "intent",
                    "value": "\"PositiveIntent\""
                }
            ]
        },
        {
            "text": "i want the price now",
            "entities": [
                {
                    "entity": "intent",
                    "value": "\"CostIntent\""
                }
            ]
        },
        {
            "text": "who are you?",
            "entities": [
                {
                    "entity": "intent",
                    "value": "\"WhoAreYouIntent\""
                }
            ]
        },
        {
            "text": "4",
            "entities": [
                {
                    "entity": "number",
                    "value": "4",
                    "start": 0,
                    "end": 1
                }
            ]
        },
        {
            "text": "I can continue ",
            "entities": [
                {
                    "entity": "intent",
                    "value": "\"WantIntent\""
                }
            ]
        },
        {
            "text": "its way too expensive",
            "entities": [
                {
                    "entity": "intent",
                    "value": "\"ExpensiveIntent\""
                }
            ]
        },
        {
            "text": "cancle",
            "entities": [
                {
                    "entity": "intent",
                    "value": "\"CancelIntent\""
                }
            ]
        },
        {
            "text": "cancel and start ",
            "entities": [
                {
                    "entity": "intent",
                    "value": "\"CancelIntent\""
                },
                {
                    "entity": "intent",
                    "value": "\"StartIntent\""
                }
            ]
        },
        {
            "text": "its too expensive",
            "entities": [
                {
                    "entity": "intent",
                    "value": "\"ExpensiveIntent\""
                }
            ]
        },
        {
            "text": "cacnel",
            "entities": [
                {
                    "entity": "intent",
                    "value": "\"CancelIntent\""
                }
            ]
        },
        {
            "text": "1 years",
            "entities": [
                {
                    "entity": "duration",
                    "value": "1",
                    "start": 0,
                    "end": 7
                }
            ]
        },
        {
            "text": "What's the price?",
            "entities": [
                {
                    "entity": "intent",
                    "value": "\"CostIntent\""
                }
            ]
        },
        {
            "text": "1 year and 2 hours and 12 minutes and 40 seconds",
            "entities": [
                {
                    "entity": "duration",
                    "value": "31543960",
                    "start": 0,
                    "end": 48
                }
            ]
        },
        {
            "text": "sure",
            "entities": [
                {
                    "entity": "positiveEntity",
                    "value": "\"yes\"",
                    "start": 0,
                    "end": 4
                },
                {
                    "entity": "intent",
                    "value": "\"PositiveIntent\""
                }
            ]
        },
        {
            "text": "you are great ",
            "entities": [
                {
                    "entity": "intent",
                    "value": "\"FlatterIntent\""
                }
            ]
        },
        {
            "text": "\u05d0\u05e4\u05e9\u05e8 \u05d1\u05e2\u05d1\u05e8\u05d9\u05ea?",
            "entities": [
                {
                    "entity": "intent",
                    "value": "\"LangIntent\""
                }
            ]
        },
        {
            "text": "say it again ",
            "entities": [
                {
                    "entity": "intent",
                    "value": "\"RepeatIntent\""
                }
            ]
        },
        {
            "text": "how many gigabytes did I use? ",
            "entities": []
        },
        {
            "text": "start",
            "entities": []
        },
        {
            "text": "who are you ?",
            "entities": [
                {
                    "entity": "intent",
                    "value": "\"WhoAreYouIntent\""
                }
            ]
        },
        {
            "text": "actualy its 4 ",
            "entities": [
                {
                    "entity": "number",
                    "value": "4",
                    "start": 12,
                    "end": 13
                },
                {
                    "entity": "intent",
                    "value": "\"GoBackIntent\""
                }
            ]
        },
        {
            "text": "who are you? ",
            "entities": [
                {
                    "entity": "intent",
                    "value": "\"WhoAreYouIntent\""
                }
            ]
        },
        {
            "text": "shit ",
            "entities": []
        },
        {
            "text": "you are very good ",
            "entities": [
                {
                    "entity": "intent",
                    "value": "\"FlatterIntent\""
                }
            ]
        },
        {
            "text": "Two weeks",
            "entities": [
                {
                    "entity": "duration",
                    "value": "2",
                    "start": 0,
                    "end": 9
                }
            ]
        },
        {
            "text": "you are so smart ",
            "entities": [
                {
                    "entity": "intent",
                    "value": "\"FlatterIntent\""
                }
            ]
        },
        {
            "text": "5",
            "entities": [
                {
                    "entity": "number",
                    "value": "5",
                    "start": 0,
                    "end": 1
                }
            ]
        },
        {
            "text": "12 weeks",
            "entities": [
                {
                    "entity": "duration",
                    "value": "12",
                    "start": 0,
                    "end": 8
                }
            ]
        },
        {
            "text": "?do you love me",
            "entities": [
                {
                    "entity": "intent",
                    "value": "\"LoveAgentIntent\""
                }
            ]
        },
        {
            "text": "Of course",
            "entities": [
                {
                    "entity": "intent",
                    "value": "\"PositiveIntent\""
                }
            ]
        },
        {
            "text": "OK",
            "entities": [
                {
                    "entity": "intent",
                    "value": "\"PositiveIntent\""
                }
            ]
        },
        {
            "text": "stop ",
            "entities": [
                {
                    "entity": "intent",
                    "value": "\"CancelIntent\""
                }
            ]
        },
        {
            "text": "it's too expensive",
            "entities": [
                {
                    "entity": "intent",
                    "value": "\"ExpensiveIntent\""
                }
            ]
        },
        {
            "text": "1 day",
            "entities": [
                {
                    "entity": "duration",
                    "value": "1",
                    "start": 0,
                    "end": 5
                }
            ]
        },
        {
            "text": "I want to restart ",
            "entities": [
                {
                    "entity": "intent",
                    "value": "\"CancelIntent\""
                }
            ]
        },
        {
            "text": "I dont ",
            "entities": [
                {
                    "entity": "negativeEntity",
                    "value": "\"no\"",
                    "start": 0,
                    "end": 7
                }
            ]
        },
        {
            "text": "I love oyu",
            "entities": [
                {
                    "entity": "intent",
                    "value": "\"LoveAgentIntent\""
                }
            ]
        },
        {
            "text": "why not?",
            "entities": [
                {
                    "entity": "negativeEntity",
                    "value": "\"not\"",
                    "start": 4,
                    "end": 7
                },
                {
                    "entity": "intent",
                    "value": "\"PositiveIntent\""
                }
            ]
        },
        {
            "text": "2 days",
            "entities": [
                {
                    "entity": "duration",
                    "value": "2",
                    "start": 0,
                    "end": 6
                }
            ]
        },
        {
            "text": "change languege ",
            "entities": [
                {
                    "entity": "intent",
                    "value": "\"LangIntent\""
                }
            ]
        },
        {
            "text": "actually its 4",
            "entities": [
                {
                    "entity": "number",
                    "value": "4",
                    "start": 13,
                    "end": 14
                }
            ]
        },
        {
            "text": "i agree",
            "entities": [
                {
                    "entity": "intent",
                    "value": "\"PositiveIntent\""
                }
            ]
        },
        {
            "text": "I want change ",
            "entities": [
                {
                    "entity": "intent",
                    "value": "\"ChangeBackIntent\""
                }
            ]
        },
        {
            "text": "I'm not disagreeing ",
            "entities": [
                {
                    "entity": "intent",
                    "value": "\"WantIntent\""
                },
                {
                    "entity": "negativeEntity",
                    "value": "\"not\"",
                    "start": 4,
                    "end": 7
                }
            ]
        },
        {
            "text": "one month and a week",
            "entities": [
                {
                    "entity": "duration",
                    "value": "\"one month and a week\"",
                    "start": 0,
                    "end": 20,
                    "subentities": [
                        {
                            "entity": "timeUnits",
                            "value": "\"week\"",
                            "start": 16,
                            "end": 20
                        }
                    ]
                }
            ]
        },
        {
            "text": "yes, 3 month",
            "entities": [
                {
                    "entity": "duration",
                    "value": "3",
                    "start": 5,
                    "end": 12
                },
                {
                    "entity": "intent",
                    "value": "\"PositiveIntent\"",
                    "start": 0,
                    "end": 4
                }
            ]
        },
        {
            "text": "4 days",
            "entities": [
                {
                    "entity": "duration",
                    "value": "4",
                    "start": 0,
                    "end": 6
                }
            ]
        },
        {
            "text": "go shit yourself ",
            "entities": [
                {
                    "entity": "intent",
                    "value": "\"VeryBadWordIntent\""
                }
            ]
        },
        {
            "text": "3days",
            "entities": [
                {
                    "entity": "duration",
                    "value": "3",
                    "start": 0,
                    "end": 5
                }
            ]
        },
        {
            "text": "you son of a bitch ",
            "entities": [
                {
                    "entity": "intent",
                    "value": "\"VeryBadWordIntent\""
                }
            ]
        },
        {
            "text": "do you love me?",
            "entities": [
                {
                    "entity": "intent",
                    "value": "\"LoveAgentIntent\""
                }
            ]
        },
        {
            "text": "i'm afraid it's expensive ",
            "entities": [
                {
                    "entity": "intent",
                    "value": "\"ExpensiveIntent\""
                }
            ]
        },
        {
            "text": "its ttoo expensive",
            "entities": [
                {
                    "entity": "intent",
                    "value": "\"ExpensiveIntent\""
                }
            ]
        },
        {
            "text": "I want to cancel ",
            "entities": [
                {
                    "entity": "intent",
                    "value": "\"CancelIntent\""
                },
                {
                    "entity": "intent",
                    "value": "\"WantIntent\""
                }
            ]
        },
        {
            "text": "i'd like to order a flight fron NYC to TLV ",
            "entities": []
        },
        {
            "text": "yes 3",
            "entities": [
                {
                    "entity": "number",
                    "value": "3",
                    "start": 4,
                    "end": 5
                },
                {
                    "entity": "intent",
                    "value": "\"PositiveIntent\""
                }
            ]
        },
        {
            "text": "i need to wire $400 ",
            "entities": [
                {
                    "entity": "intent",
                    "value": "\"TransferIntent\""
                },
                {
                    "entity": "number",
                    "value": "\"400\"",
                    "start": 16,
                    "end": 20
                }
            ]
        },
        {
            "text": "18 months",
            "entities": [
                {
                    "entity": "duration",
                    "value": "18",
                    "start": 0,
                    "end": 9
                }
            ]
        },
        {
            "text": "yes I agree",
            "entities": [
                {
                    "entity": "intent",
                    "value": "\"PositiveIntent\""
                }
            ]
        },
        {
            "text": "you are amazing ",
            "entities": [
                {
                    "entity": "intent",
                    "value": "\"FlatterIntent\""
                }
            ]
        },
        {
            "text": "thank you",
            "entities": [
                {
                    "entity": "intent",
                    "value": "\"ThankYouIntent\""
                }
            ]
        },
        {
            "text": "change language",
            "entities": [
                {
                    "entity": "intent",
                    "value": "\"LangIntent\""
                }
            ]
        },
        {
            "text": "cancle ",
            "entities": [
                {
                    "entity": "intent",
                    "value": "\"CancelIntent\""
                }
            ]
        },
        {
            "text": "thanks a lot",
            "entities": [
                {
                    "entity": "intent",
                    "value": "\"ThankYouIntent\""
                }
            ]
        },
        {
            "text": "i'd like to proceed ",
            "entities": [
                {
                    "entity": "intent",
                    "value": "\"WantIntent\""
                }
            ]
        },
        {
            "text": "30000",
            "entities": [
                {
                    "entity": "number",
                    "value": "30000",
                    "start": 0,
                    "end": 5
                }
            ]
        },
        {
            "text": "let's wire money to my friend whose account is #112232 ",
            "entities": [
                {
                    "entity": "intent",
                    "value": "\"TransferIntent\""
                }
            ]
        },
        {
            "text": "one months and 3 seconds ",
            "entities": [
                {
                    "entity": "duration",
                    "value": "\"one months and 3 seconds\"",
                    "start": 0,
                    "end": 25,
                    "subentities": [
                        {
                            "entity": "timeUnits",
                            "value": "\"months\"",
                            "start": 4,
                            "end": 10
                        }
                    ]
                }
            ]
        },
        {
            "text": "3 weeks and one day",
            "entities": [
                {
                    "entity": "duration",
                    "value": "\"3 weeks and one day\"",
                    "start": 0,
                    "end": 19
                }
            ]
        },
        {
            "text": "how many gigabyte I have left on my plan?",
            "entities": []
        },
        {
            "text": "4 years",
            "entities": [
                {
                    "entity": "duration",
                    "value": "4",
                    "start": 0,
                    "end": 7
                }
            ]
        },
        {
            "text": "20",
            "entities": [
                {
                    "entity": "number",
                    "value": "20",
                    "start": 0,
                    "end": 2
                }
            ]
        },
        {
            "text": "1 hour",
            "entities": [
                {
                    "entity": "duration",
                    "value": "1",
                    "start": 0,
                    "end": 6
                }
            ]
        },
        {
            "text": "what are you? ",
            "entities": [
                {
                    "entity": "intent",
                    "value": "\"WhoAreYouIntent\""
                }
            ]
        },
        {
            "text": "stop",
            "entities": [
                {
                    "entity": "intent",
                    "value": "\"CancelIntent\""
                }
            ]
        },
        {
            "text": "what's up?",
            "entities": [
                {
                    "entity": "greetings",
                    "value": "\"true\""
                }
            ]
        },
        {
            "text": "what is my plan status? ",
            "entities": []
        },
        {
            "text": "yes, 3 months",
            "entities": [
                {
                    "entity": "duration",
                    "value": "3",
                    "start": 5,
                    "end": 13
                },
                {
                    "entity": "intent",
                    "value": "\"PositiveIntent\""
                }
            ]
        },
        {
            "text": "5 months",
            "entities": [
                {
                    "entity": "duration",
                    "value": "5",
                    "start": 0,
                    "end": 8
                }
            ]
        },
        {
            "text": "2",
            "entities": [
                {
                    "entity": "number",
                    "value": "2",
                    "start": 0,
                    "end": 1
                }
            ]
        },
        {
            "text": "100 days?",
            "entities": [
                {
                    "entity": "duration",
                    "value": "100",
                    "start": 0,
                    "end": 8
                }
            ]
        },
        {
            "text": "I want to update ",
            "entities": [
                {
                    "entity": "intent",
                    "value": "\"ChangeBackIntent\""
                }
            ]
        },
        {
            "text": "high cost",
            "entities": [
                {
                    "entity": "intent",
                    "value": "\"CostIntent\""
                }
            ]
        },
        {
            "text": "how many gigabytes my family used? ",
            "entities": []
        },
        {
            "text": "how much data I have in my plan?",
            "entities": []
        },
        {
            "text": "is bad ",
            "entities": []
        },
        {
            "text": "actually ",
            "entities": [
                {
                    "entity": "intent",
                    "value": "\"ChangeBackIntent\""
                }
            ]
        },
        {
            "text": "how many giga did I use? ",
            "entities": []
        },
        {
            "text": "how much data did I use? ",
            "entities": []
        },
        {
            "text": "What type of entity are you? ",
            "entities": [
                {
                    "entity": "intent",
                    "value": "\"WhoAreYouIntent\""
                }
            ]
        },
        {
            "text": "\u05d4\u05d9",
            "entities": []
        },
        {
            "text": "Too Expensive ",
            "entities": [
                {
                    "entity": "intent",
                    "value": "\"ExpensiveIntent\""
                }
            ]
        },
        {
            "text": "Its not cheap",
            "entities": [
                {
                    "entity": "intent",
                    "value": "\"ExpensiveIntent\""
                }
            ]
        },
        {
            "text": "I love you ",
            "entities": [
                {
                    "entity": "intent",
                    "value": "\"LoveAgentIntent\""
                }
            ]
        },
        {
            "text": "seven ",
            "entities": [
                {
                    "entity": "number",
                    "value": "7",
                    "start": 0,
                    "end": 5
                }
            ]
        },
        {
            "text": "did my faily use much data? ",
            "entities": []
        },
        {
            "text": "two weeks",
            "entities": [
                {
                    "entity": "duration",
                    "value": "2",
                    "start": 0,
                    "end": 9
                }
            ]
        },
        {
            "text": "how much data my family used?",
            "entities": []
        },
        {
            "text": "I take it back ",
            "entities": [
                {
                    "entity": "intent",
                    "value": "\"ChangeBackIntent\""
                }
            ]
        },
        {
            "text": "great ",
            "entities": []
        },
        {
            "text": "I;d love to continue ",
            "entities": [
                {
                    "entity": "intent",
                    "value": "\"WantIntent\""
                }
            ]
        },
        {
            "text": "HI",
            "entities": [
                {
                    "entity": "greetings",
                    "value": "\"true\""
                }
            ]
        },
        {
            "text": "fuck off",
            "entities": [
                {
                    "entity": "intent",
                    "value": "\"VeryBadWordIntent\""
                }
            ]
        },
        {
            "text": "should I ?",
            "entities": []
        },
        {
            "text": "how many gigs I have left? ",
            "entities": []
        },
        {
            "text": "I need to think about it ",
            "entities": [
                {
                    "entity": "intent",
                    "value": "\"ThinkIntent\""
                }
            ]
        },
        {
            "text": "I want to go back ",
            "entities": [
                {
                    "entity": "intent",
                    "value": "\"RepeatIntent\""
                }
            ]
        },
        {
            "text": "What is the price?",
            "entities": []
        },
        {
            "text": "years",
            "entities": [
                {
                    "entity": "timeUnits",
                    "value": "\"years\"",
                    "start": 0,
                    "end": 5
                }
            ]
        },
        {
            "text": "I refuse ",
            "entities": [
                {
                    "entity": "intent",
                    "value": "\"DontWantIntent\""
                }
            ]
        },
        {
            "text": "hI",
            "entities": [
                {
                    "entity": "greetings",
                    "value": "\"true\""
                }
            ]
        },
        {
            "text": "please transfer $5000 out of my account ",
            "entities": [
                {
                    "entity": "intent",
                    "value": "\"TransferIntent\""
                },
                {
                    "entity": "number",
                    "value": "\"5000\"",
                    "start": 17,
                    "end": 21
                }
            ]
        },
        {
            "text": "cost is too high ",
            "entities": [
                {
                    "entity": "intent",
                    "value": "\"ExpensiveIntent\""
                }
            ]
        },
        {
            "text": "start over",
            "entities": [
                {
                    "entity": "intent",
                    "value": "\"StartIntent\""
                }
            ]
        },
        {
            "text": "I'd like to continue ",
            "entities": [
                {
                    "entity": "intent",
                    "value": "\"WantIntent\""
                }
            ]
        },
        {
            "text": "I want to update  ",
            "entities": [
                {
                    "entity": "intent",
                    "value": "\"ChangeBackIntent\""
                }
            ]
        },
        {
            "text": "i need to send $100 ",
            "entities": [
                {
                    "entity": "intent",
                    "value": "\"TransferIntent\""
                },
                {
                    "entity": "number",
                    "value": "\"100\"",
                    "start": 16,
                    "end": 19
                }
            ]
        },
        {
            "text": "how much ist going to cost me?",
            "entities": [
                {
                    "entity": "intent",
                    "value": "\"CostIntent\""
                }
            ]
        },
        {
            "text": "a month ",
            "entities": [
                {
                    "entity": "duration",
                    "value": "1",
                    "start": 0,
                    "end": 7
                }
            ]
        },
        {
            "text": "fuck you ",
            "entities": [
                {
                    "entity": "intent",
                    "value": "\"VeryBadWordIntent\""
                }
            ]
        },
        {
            "text": "change langugae",
            "entities": [
                {
                    "entity": "intent",
                    "value": "\"LangIntent\""
                }
            ]
        },
        {
            "text": "You are amazing",
            "entities": [
                {
                    "entity": "intent",
                    "value": "\"LoveAgentIntent\""
                }
            ]
        },
        {
            "text": "what is the cost?",
            "entities": [
                {
                    "entity": "intent",
                    "value": "\"CostIntent\""
                }
            ]
        },
        {
            "text": "i changed my mind ",
            "entities": [
                {
                    "entity": "intent",
                    "value": "\"ChangeBackIntent\""
                }
            ]
        },
        {
            "text": "1 week",
            "entities": [
                {
                    "entity": "duration",
                    "value": "1",
                    "start": 0,
                    "end": 6
                }
            ]
        },
        {
            "text": "I don't want to",
            "entities": [
                {
                    "entity": "negativeEntity",
                    "value": "\"don't\"",
                    "start": 2,
                    "end": 7
                },
                {
                    "entity": "intent",
                    "value": "\"DontWantIntent\""
                }
            ]
        },
        {
            "text": "weeks",
            "entities": [
                {
                    "entity": "timeUnits",
                    "value": "\"weeks\"",
                    "start": 0,
                    "end": 5
                }
            ]
        },
        {
            "text": "afterwards",
            "entities": []
        },
        {
            "text": "not ",
            "entities": [
                {
                    "entity": "negativeEntity",
                    "value": "\"not\"",
                    "start": 0,
                    "end": 3
                },
                {
                    "entity": "intent",
                    "value": "\"NegativeIntent\""
                }
            ]
        },
        {
            "text": "12 ",
            "entities": [
                {
                    "entity": "number",
                    "value": "\"12\"",
                    "start": 0,
                    "end": 2
                }
            ]
        },
        {
            "text": "i'd like that ",
            "entities": [
                {
                    "entity": "intent",
                    "value": "\"WantIntent\""
                }
            ]
        },
        {
            "text": "go back ",
            "entities": [
                {
                    "entity": "intent",
                    "value": "\"GoBackIntent\""
                }
            ]
        },
        {
            "text": "no ",
            "entities": [
                {
                    "entity": "negativeEntity",
                    "value": "\"no\"",
                    "start": 0,
                    "end": 2
                },
                {
                    "entity": "intent",
                    "value": "\"NegativeIntent\""
                }
            ]
        },
        {
            "text": "3 weeks and 2 days",
            "entities": [
                {
                    "entity": "duration",
                    "value": "23",
                    "start": 0,
                    "end": 18
                }
            ]
        },
        {
            "text": "too expensive ",
            "entities": [
                {
                    "entity": "intent",
                    "value": "\"ExpensiveIntent\""
                }
            ]
        },
        {
            "text": "later ",
            "entities": [
                {
                    "entity": "intent",
                    "value": "\"DelayIntent\""
                }
            ]
        },
        {
            "text": "1 year and 2 days",
            "entities": [
                {
                    "entity": "duration",
                    "value": "367",
                    "start": 0,
                    "end": 17
                }
            ]
        },
        {
            "text": "I would like to ",
            "entities": [
                {
                    "entity": "intent",
                    "value": "\"WantIntent\""
                }
            ]
        },
        {
            "text": "what's up? ",
            "entities": [
                {
                    "entity": "intent",
                    "value": "\"HowAreYouIntent\""
                }
            ]
        },
        {
            "text": "send money ",
            "entities": [
                {
                    "entity": "intent",
                    "value": "\"TransferIntent\""
                }
            ]
        },
        {
            "text": "send $1223",
            "entities": [
                {
                    "entity": "number",
                    "value": "1223",
                    "start": 6,
                    "end": 10
                },
                {
                    "entity": "intent",
                    "value": "\"TransferIntent\""
                }
            ]
        },
        {
            "text": "I'd like to send some money ",
            "entities": [
                {
                    "entity": "intent",
                    "value": "\"TransferIntent\""
                }
            ]
        },
        {
            "text": "please transfer some money",
            "entities": [
                {
                    "entity": "intent",
                    "value": "\"TransferIntent\""
                }
            ]
        },
        {
            "text": "Who are you, for heaven\u2019s sake? ",
            "entities": [
                {
                    "entity": "intent",
                    "value": "\"WhoAreYouIntent\""
                }
            ]
        }
    ]
}
