{
    "data": {
        "lookups": [
            "keywords"
        ],
        "name": "negativeEntity",
        "lang": "en",
        "id": "negativeEntity",
        "doc": "User-defined entity",
        "builtin": false,
        "values": [
            {
                "value": "don't",
                "expressions": [
                    "don't"
                ]
            },
            {
                "value": "not",
                "expressions": [
                    "not"
                ]
            },
            {
                "value": "no",
                "expressions": [
                    "no",
                    "not",
                    "i dont"
                ]
            }
        ]
    }
}
