{
    "data": {
        "lookups": [
            "keywords"
        ],
        "name": "timeUnits",
        "lang": "en",
        "id": "timeUnits",
        "doc": "User-defined entity",
        "builtin": false,
        "values": [
            {
                "value": "week",
                "expressions": [
                    "week"
                ]
            },
            {
                "value": "seconds",
                "expressions": [
                    "second",
                    "seconds"
                ]
            },
            {
                "value": "years",
                "expressions": [
                    "year",
                    "years"
                ]
            },
            {
                "value": "weeks",
                "expressions": [
                    "week",
                    "weeks"
                ]
            },
            {
                "value": "minutes",
                "expressions": [
                    "minute",
                    "minutes"
                ]
            },
            {
                "value": "decades",
                "expressions": [
                    "decade",
                    "decades"
                ]
            },
            {
                "value": "hours",
                "expressions": [
                    "hour",
                    "hours"
                ]
            },
            {
                "value": "days",
                "expressions": [
                    "day",
                    "days"
                ]
            },
            {
                "value": "months",
                "expressions": [
                    "month",
                    "months"
                ]
            }
        ]
    }
}
