{
    "data": {
        "lookups": [
            "keywords"
        ],
        "name": "veryBadWordType",
        "lang": "en",
        "id": "veryBadWordType",
        "doc": "User-defined entity",
        "builtin": false,
        "values": [
            {
                "value": "fuck",
                "expressions": [
                    "fuck"
                ]
            },
            {
                "value": "ass",
                "expressions": [
                    "ass"
                ]
            },
            {
                "value": "shit",
                "expressions": [
                    "shit"
                ]
            }
        ]
    }
}
