{
    "data": {
        "lookups": [
            "keywords",
            "free-text"
        ],
        "name": "sumEntity",
        "lang": "en",
        "id": "sumEntity",
        "doc": "User-defined entity",
        "builtin": false,
        "values": [
            {
                "value": "$35353",
                "expressions": [
                    "$35353"
                ]
            },
            {
                "value": "$44343",
                "expressions": [
                    "$44343"
                ]
            },
            {
                "value": "$3000",
                "expressions": [
                    "$3000"
                ]
            },
            {
                "value": "$3393",
                "expressions": [
                    "$3393"
                ]
            },
            {
                "value": "$10000",
                "expressions": [
                    "$10000"
                ]
            },
            {
                "value": "$100",
                "expressions": [
                    "$100"
                ]
            },
            {
                "value": "$5000",
                "expressions": [
                    "$5000"
                ]
            },
            {
                "value": "1500",
                "expressions": [
                    "1500"
                ]
            },
            {
                "value": "$4000",
                "expressions": [
                    "$4000"
                ]
            },
            {
                "value": "$ 4000",
                "expressions": [
                    "$ 4000"
                ]
            },
            {
                "value": "$400",
                "expressions": [
                    "$400"
                ]
            }
        ]
    }
}
