{
    "data": {
        "lookups": [
            "keywords"
        ],
        "name": "abstractQuantity",
        "lang": "he",
        "id": "abstractQuantity",
        "doc": "User-defined entity",
        "builtin": false,
        "values": [
            {
                "value": "high",
                "expressions": [
                    "\u05d4\u05de\u05d5\u05df",
                    "\u05d4\u05e8\u05d1\u05d4 \u05de\u05d0\u05d5\u05d3",
                    "\u05d9\u05d5\u05ea\u05e8 \u05de\u05d3\u05d9",
                    "\u05d9\u05e7\u05e8",
                    "\u05db\u05de\u05d5\u05d9\u05d5\u05ea \u05d0\u05d3\u05d9\u05e8\u05d5\u05ea",
                    "\u05dc\u05d0 \u05d6\u05d5\u05dc",
                    "\u05de\u05d0\u05d5\u05d3",
                    "\u05de\u05d3\u05d9",
                    "high"
                ]
            },
            {
                "value": "low",
                "expressions": [
                    "\u05d1\u05e7\u05d5\u05e9\u05d9",
                    "\u05d8\u05d9\u05e4\u05d4",
                    "\u05dc\u05d0 \u05d4\u05e8\u05d1\u05d4",
                    "\u05de\u05e2\u05d8",
                    "\u05de\u05e2\u05d8 \u05de\u05d0\u05d5\u05d3",
                    "low"
                ]
            }
        ]
    }
}
