{
    "data": {
        "lookups": [
            "keywords"
        ],
        "name": "badWordType",
        "lang": "he",
        "id": "badWordType",
        "doc": "User-defined entity",
        "builtin": false,
        "values": [
            {
                "value": "\u05d8\u05de\u05d1\u05dc",
                "expressions": [
                    "\u05d8\u05de\u05d1\u05dc"
                ]
            },
            {
                "value": "\u05d8\u05d9\u05e4\u05e9",
                "expressions": [
                    "\u05d8\u05d9\u05e4\u05e9"
                ]
            },
            {
                "value": "\u05d7\u05e8\u05d0",
                "expressions": [
                    "\u05d7\u05e8\u05d0"
                ]
            },
            {
                "value": "\u05d0\u05d9\u05d3\u05d9\u05d5\u05d8",
                "expressions": [
                    "\u05d0\u05d9\u05d3\u05d9\u05d5\u05d8"
                ]
            }
        ]
    }
}
