{
    "data": {
        "lookups": [
            "keywords",
            "free-text"
        ],
        "name": "carMake",
        "lang": "he",
        "id": "carMake",
        "doc": "User-defined entity",
        "builtin": false,
        "values": [
            {
                "value": "\u05e4\u05d5\u05e8\u05e9",
                "expressions": [
                    "\u05e4\u05d5\u05e8\u05e9"
                ]
            },
            {
                "value": "\u05d8\u05d5\u05d9\u05d5\u05d8\u05d4",
                "expressions": [
                    "\u05d8\u05d5\u05d9\u05d5\u05d8\u05d4"
                ]
            },
            {
                "value": "\u05e0\u05d9\u05e1\u05df",
                "expressions": [
                    "\u05e0\u05d9\u05e1\u05df"
                ]
            },
            {
                "value": "\u05e4\u05e8\u05e8\u05d9",
                "expressions": [
                    "\u05e4\u05e8\u05e8\u05d9"
                ]
            },
            {
                "value": "\u05e1\u05d5\u05d1\u05d0\u05e8\u05d5",
                "expressions": [
                    "\u05e1\u05d5\u05d1\u05d0\u05e8\u05d5"
                ]
            },
            {
                "value": "\u05d0\u05d0\u05d5\u05d3\u05d9",
                "expressions": [
                    "\u05d0\u05d0\u05d5\u05d3\u05d9"
                ]
            },
            {
                "value": "\u05de\u05e8\u05e6\u05d3\u05e1",
                "expressions": [
                    "\u05de\u05e8\u05e6\u05d3\u05e1"
                ]
            }
        ]
    }
}
