{
    "data": {
        "lookups": [
            "keywords"
        ],
        "name": "heDuration",
        "lang": "he",
        "id": "heDuration",
        "doc": "User-defined entity",
        "builtin": false,
        "values": [
            {
                "value": "3888000",
                "expressions": [
                    "\u05d7\u05d5\u05d3\u05e9 \u05d5\u05d7\u05e6\u05d9",
                    "3888000"
                ]
            },
            {
                "value": "907200",
                "expressions": [
                    "\u05e9\u05d1\u05d5\u05e2 \u05d5\u05d7\u05e6\u05d9",
                    "907200"
                ]
            },
            {
                "value": "2592000",
                "expressions": [
                    "\u05d7\u05d5\u05d3\u05e9",
                    "2592000"
                ]
            },
            {
                "value": "46656000",
                "expressions": [
                    "\u05e9\u05e0\u05d4 \u05d5\u05d7\u05e6\u05d9",
                    "46656000"
                ]
            },
            {
                "value": "31104000",
                "expressions": [
                    "\u05e9\u05e0\u05d4",
                    "31104000"
                ]
            },
            {
                "value": "3600",
                "expressions": [
                    "\u05e9\u05e2\u05d4",
                    "3600"
                ]
            },
            {
                "value": "1209600",
                "expressions": [
                    "\u05e9\u05d1\u05d5\u05e2\u05d9\u05d9\u05dd",
                    "1209600"
                ]
            },
            {
                "value": "60",
                "expressions": [
                    "\u05d3\u05e7\u05d4",
                    "60"
                ]
            },
            {
                "value": "7200",
                "expressions": [
                    "\u05e9\u05e2\u05ea\u05d9\u05d9\u05dd",
                    "7200"
                ]
            },
            {
                "value": "5184000",
                "expressions": [
                    "\u05d7\u05d5\u05d3\u05e9\u05d9\u05d9\u05dd",
                    "5184000"
                ]
            },
            {
                "value": "62208000",
                "expressions": [
                    "\u05e9\u05e0\u05ea\u05d9\u05d9\u05dd",
                    "62208000"
                ]
            },
            {
                "value": "172800",
                "expressions": [
                    "\u05d9\u05d5\u05de\u05d9\u05d9\u05dd",
                    "172800"
                ]
            },
            {
                "value": "604800",
                "expressions": [
                    "\u05e9\u05d1\u05d5\u05e2",
                    "604800"
                ]
            }
        ]
    }
}
