{
    "data": {
        "lookups": [
            "keywords"
        ],
        "name": "maybeEntity",
        "lang": "he",
        "id": "maybeEntity",
        "doc": "User-defined entity",
        "builtin": false,
        "values": [
            {
                "value": "\u05d0\u05d5\u05dc\u05d9",
                "expressions": [
                    "\u05d0\u05d5\u05dc\u05d9"
                ]
            },
            {
                "value": "\u05dc\u05d0 \u05d1\u05d8\u05d5\u05d7",
                "expressions": [
                    "\u05dc\u05d0 \u05d1\u05d8\u05d5\u05d7"
                ]
            },
            {
                "value": "\u05d9\u05ea\u05db\u05df",
                "expressions": [
                    "\u05d9\u05ea\u05db\u05df"
                ]
            },
            {
                "value": "\u05d9\u05db\u05d5\u05dc \u05dc\u05d4\u05d9\u05d5\u05ea",
                "expressions": [
                    "\u05d9\u05db\u05d5\u05dc \u05dc\u05d4\u05d9\u05d5\u05ea"
                ]
            },
            {
                "value": "\u05dc\u05d0 \u05d4\u05d7\u05dc\u05d8\u05ea\u05d9",
                "expressions": [
                    "\u05dc\u05d0 \u05d4\u05d7\u05dc\u05d8\u05ea\u05d9"
                ]
            }
        ]
    }
}
