{
    "data": {
        "lookups": [
            "keywords"
        ],
        "name": "negativeEntity",
        "lang": "he",
        "id": "negativeEntity",
        "doc": "User-defined entity",
        "builtin": false,
        "values": [
            {
                "value": "\u05dc\u05d0",
                "expressions": [
                    "\u05d0\u05d9\u05e0\u05e0\u05d9 \u05e8\u05d5\u05e6\u05d4",
                    "\u05dc\u05d0"
                ]
            },
            {
                "value": "no",
                "expressions": [
                    "no",
                    "\u05dc\u05d0"
                ]
            },
            {
                "value": "\u05d0\u05d9\u05df",
                "expressions": [
                    "\u05d0\u05d9\u05df"
                ]
            }
        ]
    }
}
