{
    "data": {
        "lookups": [
            "keywords"
        ],
        "name": "noneEntity",
        "lang": "he",
        "id": "noneEntity",
        "doc": "User-defined entity",
        "builtin": false,
        "values": [
            {
                "value": "\u05de\u05d5\u05e9\u05d2",
                "expressions": [
                    "\u05de\u05d5\u05e9\u05d2"
                ]
            },
            {
                "value": "none",
                "expressions": [
                    "none"
                ]
            }
        ]
    }
}
