{
    "data": {
        "lookups": [
            "keywords"
        ],
        "name": "positiveEntity",
        "lang": "he",
        "id": "positiveEntity",
        "doc": "User-defined entity",
        "builtin": false,
        "values": [
            {
                "value": "\u05d9\u05d0\u05dc\u05dc\u05d4",
                "expressions": [
                    "\u05d9\u05d0\u05dc\u05dc\u05d4"
                ]
            },
            {
                "value": "yes",
                "expressions": [
                    "yes",
                    "\u05d0\u05d5\u05e7\u05d9\u05d9",
                    "\u05db\u05df",
                    "\u05e1\u05d1\u05d1\u05d4"
                ]
            },
            {
                "value": "sure",
                "expressions": [
                    "sure"
                ]
            },
            {
                "value": "\u05db\u05df",
                "expressions": [
                    "\u05d0\u05d5\u05e7\u05d9\u05d9",
                    "\u05d1\u05e1\u05d3\u05e8",
                    "\u05d8\u05d5\u05d1",
                    "\u05db\u05df",
                    "\u05dc\u05de\u05d4 \u05dc\u05d0",
                    "\u05de\u05e2\u05d5\u05e0\u05d9\u05d9\u05df",
                    "\u05e1\u05d1\u05d1\u05d4",
                    "\u05e8\u05d5\u05e6\u05d4"
                ]
            },
            {
                "value": "\u05d0\u05d7\u05dc\u05d4",
                "expressions": [
                    "\u05d0\u05d7\u05dc\u05d4"
                ]
            },
            {
                "value": "\u05d0\u05d5 \u05e7\u05d9\u05d9",
                "expressions": [
                    "\u05d0\u05d5 \u05e7\u05d9\u05d9"
                ]
            }
        ]
    }
}
