{
    "data": {
        "lookups": [
            "keywords"
        ],
        "name": "questionEntity",
        "lang": "he",
        "id": "questionEntity",
        "doc": "User-defined entity",
        "builtin": false,
        "values": [
            {
                "value": "\u05de\u05d4",
                "expressions": [
                    "\u05de\u05d4"
                ]
            },
            {
                "value": "what",
                "expressions": [
                    "\u05de\u05d4",
                    "\u05de\u05d4\u05d5",
                    "what",
                    "?"
                ]
            },
            {
                "value": "howMuch",
                "expressions": [
                    "\u05db\u05de\u05d4",
                    "howMuch"
                ]
            },
            {
                "value": "where",
                "expressions": [
                    "where",
                    "\u05d0\u05d9\u05d4",
                    "\u05d0\u05d9\u05e4\u05d4"
                ]
            },
            {
                "value": "who",
                "expressions": [
                    "who",
                    "\u05de\u05d9",
                    "\u05de\u05d9\u05d4\u05d5",
                    "\u05de\u05d9\u05d4\u05d9"
                ]
            },
            {
                "value": "when",
                "expressions": [
                    "when",
                    "\u05de\u05ea\u05d9"
                ]
            },
            {
                "value": "?",
                "expressions": [
                    "?"
                ]
            },
            {
                "value": "how",
                "expressions": [
                    "how",
                    "\u05d0\u05d9\u05da",
                    "\u05dc\u05de\u05d4",
                    "\u05de\u05d3\u05d5\u05e2"
                ]
            }
        ]
    }
}
