{
    "data": {
        "lookups": [
            "keywords"
        ],
        "name": "timeUnits",
        "lang": "he",
        "id": "timeUnits",
        "doc": "User-defined entity",
        "builtin": false,
        "values": [
            {
                "value": "\u05e2\u05e9\u05d5\u05e8\u05d9\u05dd",
                "expressions": [
                    "\u05e2\u05e9\u05d5\u05e8\u05d9\u05dd"
                ]
            },
            {
                "value": "\u05e9\u05e0\u05d9\u05dd",
                "expressions": [
                    "\u05e9\u05e0\u05d9\u05dd"
                ]
            },
            {
                "value": "decades",
                "expressions": [
                    "\u05e2\u05e9\u05d5\u05e8\u05d9\u05dd",
                    "decades"
                ]
            },
            {
                "value": "days",
                "expressions": [
                    "\u05d9\u05d5\u05dd",
                    "\u05d9\u05de\u05d9\u05dd",
                    "days"
                ]
            },
            {
                "value": "miliseconds",
                "expressions": [
                    "\u05de\u05d9\u05dc\u05d9 \u05e9\u05e0\u05d9\u05d5\u05ea",
                    "miliseconds"
                ]
            },
            {
                "value": "years",
                "expressions": [
                    "\u05e9\u05e0\u05d9\u05dd",
                    "years"
                ]
            },
            {
                "value": "hours",
                "expressions": [
                    "\u05e9\u05e2\u05d5\u05ea",
                    "hours"
                ]
            },
            {
                "value": "minutes",
                "expressions": [
                    "\u05d3\u05e7'",
                    "\u05d3\u05e7\u05d5\u05ea",
                    "minutes"
                ]
            },
            {
                "value": "seconds",
                "expressions": [
                    "\u05e9\u05e0\u05d9\u05d5\u05ea",
                    "seconds"
                ]
            },
            {
                "value": "months",
                "expressions": [
                    "\u05d7\u05d3\u05e9\u05d9\u05dd",
                    "\u05d7\u05d5\u05d3\u05e9\u05d9\u05dd",
                    "months"
                ]
            },
            {
                "value": "weeks",
                "expressions": [
                    "\u05e9\u05d1\u05d5\u05e2\u05d5\u05ea",
                    "weeks"
                ]
            }
        ]
    }
}
