{
    "data": {
        "lookups": [
            "keywords"
        ],
        "name": "timeExpressionsEntity",
        "lang": "he",
        "id": "timeExpressionsEntity",
        "doc": "User-defined entity",
        "builtin": false,
        "values": [
            {
                "value": "early",
                "expressions": []
            },
            {
                "value": "late",
                "expressions": [
                    "\u05de\u05d0\u05d5\u05d7\u05e8"
                ]
            },
            {
                "value": "later",
                "expressions": [
                    "\u05d0\u05d7\u05e8 \u05db\u05da",
                    "\u05d0\u05d7\u05e8\u05d9 \u05d6\u05d4",
                    "\u05de\u05d0\u05d5\u05d7\u05e8",
                    "later"
                ]
            },
            {
                "value": "\u05d0\u05d7\u05e8 \u05db\u05da",
                "expressions": [
                    "\u05d0\u05d7\u05e8 \u05db\u05da"
                ]
            },
            {
                "value": "earlier",
                "expressions": [
                    "\u05de\u05d5\u05e7\u05d3\u05dd",
                    "earlier"
                ]
            }
        ]
    }
}
