{
    "data": {
        "lookups": [
            "keywords",
            "free-text"
        ],
        "name": "userReactionType",
        "lang": "he",
        "id": "userReactionType",
        "doc": "User-defined entity",
        "builtin": false,
        "values": [
            {
                "value": "negativeReaction",
                "expressions": [
                    "\u05d7\u05d5\u05e9\u05e9",
                    "negativeReaction"
                ]
            },
            {
                "value": "positiveReaction",
                "expressions": [
                    "\u05d9\u05d5\u05e4\u05d9",
                    "positiveReaction"
                ]
            }
        ]
    }
}
