{
    "data": {
        "lookups": [
            "keywords",
            "free-text"
        ],
        "name": "wantEntity",
        "lang": "he",
        "id": "wantEntity",
        "doc": "User-defined entity",
        "builtin": false,
        "values": [
            {
                "value": "true",
                "expressions": [
                    "\u05de\u05e9\u05ea\u05d5\u05e7\u05e7",
                    "\u05de\u05e2\u05d5\u05e0\u05d9\u05e0\u05ea"
                ]
            },
            {
                "value": "\u05de\u05d5\u05db\u05df",
                "expressions": [
                    "\u05de\u05d5\u05db\u05df"
                ]
            },
            {
                "value": "\u05de\u05d5\u05e9",
                "expressions": [
                    "\u05de\u05d5\u05e9"
                ]
            },
            {
                "value": "\u05d0\u05e8\u05e9\u05dd",
                "expressions": [
                    "\u05d0\u05e8\u05e9\u05dd"
                ]
            },
            {
                "value": "\u05e8\u05d5\u05e6\u05d4",
                "expressions": [
                    "\u05de\u05e2\u05d5\u05e0\u05d9\u05df",
                    "\u05de\u05e2\u05d5\u05e0\u05d9\u05e0\u05ea",
                    "\u05de\u05e9\u05ea\u05d5\u05e7\u05e7",
                    "\u05de\u05e2\u05d5\u05e0\u05d9\u05d9\u05df",
                    "\u05de\u05e2\u05d5\u05e0\u05d9\u05d9\u05e0\u05ea",
                    "\u05e8\u05d5\u05e6\u05d4"
                ]
            },
            {
                "value": "\u05de\u05ea\u05e0\u05d2\u05d3",
                "expressions": [
                    "\u05de\u05ea\u05e0\u05d2\u05d3"
                ]
            }
        ]
    }
}
